{
  "project_info": {
    "project_number": "451953809740",
    "firebase_url": "https://newd-49516.firebaseio.com",
    "project_id": "newd-49516",
    "storage_bucket": "newd-49516.appspot.com"
  },
  "client": [
    {
      "client_info": {
        "mobilesdk_app_id": "1:451953809740:android:07cda57bcdcb6be5f3d7e9",
        "android_client_info": {
          "package_name": "com.testd"
        }
      },
      "oauth_client": [
        {
          "client_id": "451953809740-b8lco9j5jqn6l6irr1bliohffkeasa40.apps.googleusercontent.com",
          "client_type": 3
        }
      ],
      "api_key": [
        {
          "current_key": "AIzaSyApk0N4Rm79YA3EdSH83PO5tNrdy8BAc0I"
        }
      ],
      "services": {
        "appinvite_service": {
          "other_platform_oauth_client": [
            {
              "client_id": "451953809740-b8lco9j5jqn6l6irr1bliohffkeasa40.apps.googleusercontent.com",
              "client_type": 3
            }
          ]
        }
      }
    }
  ],
  "configuration_version": "1"
}